ROLL,ACTION_1,ACTION_2,DESCRIPTIONS_1,DESCRIPTIONS_2,ADVENTURE_TONE,ALIEN_SPECIES,ANIMAL_ACTIONS,ARMY_DESCRIPTORS,CAVERN_DESCRIPTORS,CHARACTERS,CHARACTERS_ACTIONS_COMBAT,CHARACTERS_ACTIONS_GENERAL,CHARACTERS_APPEARANCE,CHARACTERS_BACKGROUND,CHARACTERS_CONVERSATIONS,CHARACTERS_DESCRIPTORS,CHARACTERS_IDENTITY,CHARACTERS_MOTIVATION,CHARACTERS_PERSONALITY,CHARACTERS_SKILLS,CHARACTERS_TRAITS_FLAWS,CITY_DESCRIPTORS,CIVILZATION_DESCRIPTORS,CREATURE_ABILITIES,CREATURE_DESCRIPTORS,CRYPTIC_MESSAGE,CURSES,DOMICILE_DESCRIPTORS,DUNGEON_DESCRIPTORS,DUNGEON_TRAPS,FOREST_DESCRIPTORS,GODS,LEGENDS,LOCATIONS,MAGIC_ITEM_DESCRIPTORS,MUTATION_DESCRIPTORS,NAMES,NOBLE_HOUSE,OBJECTS,PLOT_TWISTS,POWERS,SCAVENGING_RESULTS,SMELLS,SOUNDS,SPELL_EFFECTS,STARSHIP_DESCRIPTORS,TERRAIN_DESCRIPTORS,UNDEAD_DESCRIPTORS,VISION_DREAMS
1,Adventurously,Advantage,Adventurously,Abnormal,Action,Advanced,Abandon,Active,Activity,Accompanied,Abandon,Abandon,Abnormal,Abandoned,Abuse,Abnormal,Abandoned,Adventure,Active,Activity,Academic,Activity,Active,Ambush,Aggressive,Abandoned,Abandon,Abandoned,Abandoned,Aggressive,Adversity,Active,Abandon,Abandoned,Animal,Agility,A,Aggressive,Active,Action,Absorb,Abundance,Acrid,Activity,Animal,Activity,Abandoned,Active,Activity
2,Aggressively,Adversity,Aggressively,Amusing,Activity,Aggressive,Abnormal,Aggressive,Ancient,Active,Abuse,Aggressive,Armed,Abuse,Advice,Active,Administrator,Adversity,Adventurous,Adversity,Adversity,Aggressive,Advanced,Animate,Agile,Activity,Age,Activity,Activity,Allies,Aggressive,Alien,Allies,Active,Animate,Animal,Action,Allies,Artistic,Attack,Adversity,Activity,Animal,Alarm,Animate,Adversity,Abundant,Aggressive,Adversity
3,Anxiously,Agreement,Anxiously,Artificial,Adventurous,Agile,Aggressive,Allies,Animals,Aggressive,Aggressive,Amusing,Aromatic,Academic,Aggressive,Adventurous,Adventurous,Ambition,Aggressive,Agility,Animal,Aromatic,Adventurous,Armor,Air,Adventure,Attract,Animal,Adversity,Ambush,Ambush,Ancient,Anger,Artistic,Area,Appearance,Ah,Anger,Average,Bad,Alter,Adversity,Antiseptic,Animal,Assist,Assist,Activity,Angry,Allies
4,Awkwardly,Animal,Awkwardly,Average,Adversity,Amphibious,Angry,Ambush,Aromatic,Ambush,Agree,Anger,Athletic,Activity,Agree,Aggressive,Adversary,Anger,Agreeable,Animals,Assist,Average,Aggressive,Arrive,Alien,Adversity,Bad,Aromatic,Ambush,Animals,Ancient,Angelic,Assist,Atmosphere,Armor,Armor,Ahg,Bestow,Beautiful,Barrier,Animate,Allies,Aromatic,Approach,Attack,Automated,Advanced,Animal,Assist
5,Beautifully,Attention,Beautifully,Beautiful,Aggressive,Ancient,Anxious,Animals,Art,Animal,Ally,Antagonize,Attractive,Adventurous,Amusing,Agreeable,Advisor,Approval,Ambitious,Art,Attract,Beautiful,Agricultural,Attach,Amorphous,Advice,Beauty,Art,Ancient,Animate,Animal,Angry,Attainment,Beautiful,Assist,Assist,An,Betray,Bizarre,Betray,Assist,Animal,Artificial,Banging,Attract,Battle,Allies,Anxious,Attainment
6,Bleakly,Balance,Bleakly,Bizarre,Amusing,Anxious,Assist,Arrive,Beautiful,Anxious,Ambush,Anxious,Average,Adversity,Angry,Ally,Ally,Art,Amusing,Assist,Beautiful,Bleak,Ancient,Attack,Animal,Allies,Betray,Average,Animal,Antagonize,Aromatic,Animal,Befriend,Bleak,Attack,Attach,Animal,Bizarre,Bright,Business,Attach,Art,Attractive,Battle,Bestow,Beautiful,Ancient,Attract,Bizarre
7,Boldly,Battle,Boldly,Boring,Anxious,Aquatic,Attack,Assist,Bizarre,Armed,Amuse,Assist,Bald,Art,Anxious,Ancient,Art,Attain,Angry,Athletic,Benefits,Block,Angry,Attract,Aquatic,Anger,Bizarre,Beautiful,Aromatic,Aromatic,Art,Art,Bestow,Bright,Attract,Attack,Ar,Block,Clothing,Change,Attack,Barrier,Bad,Beep,Bizarre,Bestow,Animals,Beautiful,Bleak
8,Bravely,Benefits,Bravely,Bright,Attainment,Arrogant,Befriend,Average,Bleak,Beautiful,Anger,Bestow,Beautiful,Assist,Assist,Angry,Artist,Business,Annoying,Attack,Bestow,Bridge,Anxious,Bite,Armored,Bestow,Block,Bizarre,Art,Art,Assist,Assist,Betray,Business,Benefit,Benefit,As,Break,Clue,Character,Block,Beauty,Bizarre,Bell,Block,Bleak,Atmosphere,Bestow,Catastrophe
9,Busily,Building,Busily,Broken,Average,Artistic,Bestow,Betray,Blocked,Bold,Antagonize,Betray,Bizarre,Average,Awkward,Anxious,Assistant,Change,Anxious,Attain,Bizarre,Bustling,Artistic,Block,Avian,Betray,Body,Bleak,Beautiful,Attach,Average,Attract,Bizarre,Calm,Bestow,Bestow,B,Bureaucracy,Cold,Conclude,Body,Bizarre,Burnt,Beseeching,Break,Block,Barren,Bizarre,Celebrate
10,Calmly,Burden,Calmly,Clean,Bizarre,Avian,Bizarre,Bizarre,Boulder,Busy,Anxious,Bizarre,Brutish,Bad,Betray,Armed,Athlete,Character,Arrogant,Average,Block,Calm,Average,Blunt,Beast,Bizarre,Break,Busy,Bizarre,Attention,Beautiful,Beautiful,Block,Charming,Block,Bizarre,Bah,Cautious,Colorful,Conditional,Change,Bleak,Chemical,Bizarre,Bright,Bright,Beautiful,Bleak,Change
11,Carefully,Bureaucracy,Carefully,Cold,Bleak,Beautiful,Bold,Block,Bright,Calm,Assist,Block,Casual,Bizarre,Bizarre,Aromatic,Authority,Conflict,Average,Balance,Burden,Chaotic,Beautiful,Break,Beautiful,Bleak,Burden,Classy,Bleak,Attract,Bizarre,Bestow,Brave,Clean,Book,Block,Be,Change,Communication,Conflict,Chemical,Broken,Clean,Burning,Burn,Business,Bizarre,Bold,Colorful
12,Carelessly,Business,Carelessly,Colorful,Bold,Bizarre,Break,Bold,Cliff,Careless,Attack,Bold,Classy,Bleak,Bleak,Arrogant,Bureaucrat,Control,Awkward,Beginner,Combat,Clean,Bizarre,Breath,Body,Business,Business,Clean,Chamber,Balance,Bleak,Betray,Break,Cluttered,Change,Body,Bih,Commerce,Complicated,Connection,Cold,Clean,Comforting,Busy,Change,Clean,Catastrophe,Bound,Conflict
13,Cautiously,Chaos,Cautiously,Colorless,Busy,Carapace,Busy,Calm,Climb,Casual,Betray,Break,Clean,Bold,Bold,Attractive,Business,Create,Bad,Bestow,Communicate,Cold,Bleak,Carry,Bony,Care,Change,Cluttered,Clean,Beautiful,Block,Bizarre,Burden,Cold,Clothing,Change,Brah,Compromise,Confusing,Consequence,Colorful,Clothes,Cooking,Calm,Cloud,Cold,Chaotic,Cold,Contact
14,Ceaselessly,Comfort,Ceaselessly,Comforting,Calm,Clawed,Calm,Careless,Closed,Cautious,Block,Calm,Clothing,Burden,Business,Awkward,Combatant,Danger,Bitter,Block,Connection,Colorful,Bold,Change,Carapace,Colorful,Compel,Cold,Closed,Bestow,Boulder,Capricious,Carelessness,Colorful,Cloud,Claws,Col,Conflict,Consumable,Control,Combat,Comfort,Decrepit,Ceaseless,Cold,Colorful,City,Combative,Control
15,Cheerfully,Completion,Cheerfully,Creepy,Cheerful,Colorful,Careful,Cautious,Cold,Classy,Bold,Care,Colorful,Business,Calm,Beautiful,Competitor,Death,Bold,Business,Control,Commerce,Bureaucratic,Climb,Clawed,Communicate,Condemn,Colorful,Cold,Betray,Cave,Colorful,Cataclysm,Colorless,Cold,Color,Color,Connections,Container,Danger,Combine,Communicate,Delicious,Celebrate,Communicate,Combative,Civilization,Communicate,Creepy
16,Combatively,Conflict,Combatively,Cute,Colorful,Combative,Careless,Ceaseless,Collapsed,Colorful,Brave,Careful,Common,Care,Careful,Bizarre,Controller,Deceive,Brave,Change,Create,Conflict,Carefree,Cold,Clothed,Conflict,Conflict,Comfort,Collapsed,Bizarre,Chaotic,Combat,Caution,Confusing,Communication,Combat,Cor,Control,Creepy,Death,Communicate,Competition,Delightful,Chaotic,Conceal,Communicat,Cliffs,Control,Crisis
17,Coolly,Cooperation,Coolly,Damaged,Combative,Conquering,Cautious,Celebrate,Colorful,Combative,Break,Careless,Cool,Career,Careless,Bleak,Crafter,Destroy,Calm,Combat,Criminal,Control,Careful,Common,Cold,Creepy,Create,Common,Colorful,Blades,Cliff,Communicate,Change,Cramped,Container,Communicate,Dah,Create,Crude,Delay,Control,Concealment,Dirty,Cheerful,Conjure,Computer,Clouds,Create,Cruelty
18,Crazily,Danger,Crazily,Dark,Competitive,Dangerous,Ceaseless,Colorful,Cracked,Crazy,Calm,Celebrate,Creepy,Chaotic,Cautious,Bold,Creator,Diminish,Careful,Communicate,Damaged,Crime,Careless,Communicate,Color,Damaged,Creepy,Cramped,Creature,Break,Cold,Conflict,Conflict,Creepy,Control,Conceal,Deeds,Crisis,Cute,Destroy,Cosmetic,Conflict,Disagreeable,Clang,Control,Contain,Cold,Creepy,Danger
19,Curiously,Defense,Curiously,Defeated,Conflict,Declining,Change,Communicate,Cramped,Creepy,Careless,Change,Cute,Cheat,Cheerful,Brave,Criminal,Disrupt,Careless,Conflict,Dangerous,Dangerous,Cautious,Conceal,Composite,Danger,Cruel,Creepy,Creepy,Ceiling,Colorful,Control,Control,Crude,Create,Constrain,Del,Cruel,Damaged,Diminish,Create,Container,Disgusting,Combative,Counteract,Control,Colorful,Dangerous,Dark
20,Dangerously,Depletion,Dangerously,Dirty,Crazy,Defensive,Combative,Creepy,Crawl,Curious,Carry,Combative,Dainty,Combat,Classy,Busy,Deceiver,Emotion,Classy,Control,Decrease,Dense,Classy,Contact,Constructed,Death,Danger,Crowded,Damaged,Change,Combative,Corruption,Create,Cute,Curse,Control,Drah,Dangerous,Dangerous,Disaster,Creature,Control,Dry,Communicate,Create,Creepy,Combative,Dark,Death
21,Defiantly,Disadvantage,Defiantly,Disagreeable,Creepy,Desperate,Curious,Deceive,Creature,Dangerous,Cautious,Communicate,Delicate,Commitment,Cold,Calm,Deliverer,Enemy,Cold,Create,Defense,Developed,Clean,Control,Decayed,Deceive,Death,Customized,Danger,Choice,Communicate,Cosmic,Crisis,Damaged,Damage,Create,Eee,Death,Deactivated,Discover,Damage,Crisis,Dull,Construction,Creature,Crew,Communicate,Deceive,Defeat
22,Deliberately,Distraction,Deliberately,Dry,Dangerous,Destructive,Dangerous,Defensive,Creepy,Deceitful,Celebrate,Control,Desperate,Community,Colorful,Capable,Dependent,Environment,Collector,Criminal,Delicate,Dirty,Colorful,Create,Defensive,Defiant,Decrease,Cute,Dark,Climb,Creepy,Create,Damage,Dangerous,Death,Damage,Eh,Deceit,Deliberate,Emotion,Dark,Damaged,Earthy,Conversation,Curse,Damaged,Conflict,Dirty,Disruption
23,Delicately,Elements,Delicately,Dull,Dark,Dominating,Deliberate,Defiant,Crumbling,Defeated,Change,Crazy,Different,Competition,Combative,Careful,Driver/Pilot,Escape,Committed,Damage,Different,Efficient,Combative,Damage,Dripping,Dispute,Delay,Damaged,Desolate,Cloud,Damaged,Creepy,Danger,Dark,Deceit,Deceive,Ei,Defeat,Delightful,Enemy,Death,Danger,Electrical,Crash,Damage,Danger,Damaged,Disgusting,Elements
24,Delightfully,Emotion,Delightfully,Empty,Emotional,Emotionless,Disinterested,Delay,Curious,Defiant,Charge,Creepy,Dirty,Conflict,Crazy,Careless,Elite,Failure,Competitive,Danger,Dominate,Energy,Commercial,Dark,Elements,Divide,Disrupt,Dangerous,Dirty,Cold,Danger,Cruel,Deceive,Delightful,Decrease,Decrease,Ell,Defiant,Desired,Enhance,Deceive,Death,Evocative,Creaking,Dark,Dark,Danger,Elements,Emotions
25,Dimly,Enemy,Dimly,Enormous,Energetic,Enormous,Disrupt,Disorganized,Damaged,Delightful,Communicate,Dangerous,Drab,Control,Creepy,Caring,Enemy,Fame,Confident,Deceit,Driven,Enormous,Competitive,Death,Exotic,Emotions,Divide,Dark,Door,Colorful,Dark,Cult,Decrease,Dirty,Defense,Defect,Elements,Disrupt,Domestic,Enter,Defense,Dirty,Faded,Creepy,Death,Death,Defense,Enemies,Enemies
26,Efficiently,Energy,Efficiently,Extraordinary,Epic,Exploitive,Distracted,Divide,Dangerous,Emotional,Compete,Deceive,Elegant,Crime,Curious,Cautious,Enforcer,Family,Control,Decrease,Emotion,Environment,Constructive,Deceive,ExtraLimbs,Enemies,Dominate,Desolate,Dry,Combative,Death,Dangerous,Defeated,Domestic,Destroy,Defense,Emotion,Enemies,Empty,Escape,Delay,Disagreeable,Faint,Cries,Deceive,Defense,Desert,Energy,Energy
27,Emotionally,Environment,Emotionally,Extravagant,Evil,Explorers,Dominate,Efficient,Dark,Energetic,Control,Decrease,Equipment,Damaged,Defiant,Cheerful,Engineer,Fear,Crazy,Defense,Enemy,Extravagant,Controlling,Decrease,Fangs,Environment,Dreams,Different,Elements,Communicate,Delicate,Dark,Defiant,Empty,Detect,Deformed,Ess,Extravagant,Energy,Evidence,Destroy,Disgusting,Familiar,Damage,Decrease,Elaborate,Dry,Environment,Environment
28,Energetically,Expectation,Energetically,Faded,Exterior,Familiar,Energetic,Enemies,Difficult,Equipped,Crazy,Defiant,Exotic,Danger,Delightful,Classy,Entertainer,Fight,Creative,Develop,Energy,Festive,Crazy,Defense,Feminine,Evil,Elements,Dirty,Empty,Confuse,Dry,Death,Delay,Enclosed,Dimensions,Detect,Est,Faded,Enormous,Failure,Detect,Dispute,Fetid,Danger,Defense,Empty,Dull,Evil,Event
29,Enormously,Exterior,Enormously,Familiar,Failure,Fast,Excited,Energy,Dirty,Excited,Cruel,Delay,Expensive,Death,Disagreeable,Clean,Executive,Find,Crude,Dispute,Environment,Flawless,Creative,Depower,Feral,Expose,Emotions,Disagreeable,Encounter,Constrain,Elements,Deceit,Disrupt,Enormous,Elements,Diminish,Et,Fame,Equipment,Family,Dimensions,Drink,Fishy,Disagreeable,Destroy,Energy,Elements,Fast,Evil
30,Enthusiastically,Extravagance,Enthusiastically,Fancy,Fame,Feeble,Exotic,Failure,Discouraging,Expected,Damage,Disrupt,Extravagant,Deceive,Dispute,Clumsy,Expert,Free,Curious,Disrupt,Failure,Frightening,Creepy,Detect,Filthy,Failure,Enemies,Drab,Enemies,Control,Encounter,Destroyer,Divide,Entrance,Emotion,Disrupt,Fah,Family,Expected,Free,Diminish,Elements,Floral,Distant,Detect,Engine,Empty,Fear,Failure
31,Excitedly,Failure,Excitedly,Feeble,Familiar,Feral,Familiar,Ferocious,Dripping,Familiar,Deceive,Dominate,Eyewear,Decrease,Efficient,Colorful,Explorer,Friend,Deceptive,Domestic,Fame,Government,Cruel,Disrupt,Fire,Fame,Energy,Dull,Enormous,Create,Enormous,Disgusting,Elements,Exclusive,Energy,Dominate,Fer,Headquarters,Expended,Friend,Diminish,Empty,Food,Drip,Diminish,Enormous,Energy,Fight,Fears
32,Fearfully,Fame,Fearfully,Festive,Fearful,Ferocious,Fearful,Fight,Dry,Fast,Defend,Efficient,Familiar,Defeated,Energetic,Combative,Family,Goal,Determined,Dominate,Familiar,Happy,Curious,Distract,Fungal,Fear,Environment,Empty,Evil,Creepy,Environment,Dominate,End,Exposed,Enhance,Elements,Fi,Heirloom,Extravagant,Good,Disrupt,Enemies,Foul,Echo,Disease,Environment,Enormous,Floating,Festive
33,Ferociously,Fear,Ferociously,Flawless,Festive,Friendly,Feeble,Food,Echo,Feeble,Defiant,Energetic,Fancy,Disaster,Enthusiastic,Commanding,Farmer,Gratify,Devoted,Driving,Fast,Harsh,Dangerous,Dominate,Furry,Fight,Evil,Enormous,Exit,Crush,Fearful,Dreams,Enemies,Extravagant,Environment,Energy,Floral,Hero,Faded,Group,Distance,Energy,Fragrant,Emotion,Dominate,Escape,Environment,Friendly,Fight
34,Fiercely,Freedom,Fiercely,Forlorn,Fierce,Frightening,Ferocious,Foolish,Elements,Feminine,Delay,Excited,Features,Dispute,Excited,Common,Fighter,Group,Disagreeable,Elements,Feeble,Healthy,Declining,Drain,Gaunt,Frantic,Failure,Expected,Extravagant,Damaged,Feeble,Elements,Energy,Familiar,Escape,Enhance,Gah,History,Familiar,Harm,Dominate,Extravagance,Fresh,Energetic,Duplicate,Exit,Fertile,Frightening,Friendship
35,Foolishly,Friend,Foolishly,Fragile,Fortunate,Fungal,Fierce,Fortunate,Empty,Ferocious,Disrupt,Expose,Feminine,Emotion,Fearful,Competitive,Fixer,Guide,Dull,Energy,Flawless,Helpful,Defiant,Element,Glowing,Free,Fame,Extravagant,Faded,Danger,Fierce,Emotions,Evil,Fancy,Evil,Environment,Go,Home,Fancy,Headquarters,Duplicate,Failure,Fruity,Explosion,Earth,Exterior,Frightening,Glad,Frightening
36,Fortunately,Goal,Fortunately,Fragrant,Frantic,Furry,Fight,Frantic,Enormous,Foe,Divide,Fearful,Festive,Environment,Fierce,Confident,Foreigner,Guilt,Emotion,Environment,Focused,Hills,Delightful,Energy,Group,Friendship,Family,Faded,Familiar,Dark,Food,Enemies,Expose,Festive,Explode,Expose,Grah,Important,Flora,Help,Electricity,Fear,Funky,Familiar,Elements,Fear,Habitable,Glow,Future
37,Frantically,Group,Frantically,Fresh,Fresh,Generous,Flee,Fresh,Exit,Foolish,Dominate,Feeble,Frail,Escape,Foolish,Crazy,Friend,Hate,Empathetic,Experienced,Fortunate,History,Developed,Enhanced,Growling,Goals,Fate,Fancy,Fancy,Deceive,Fortunate,Energy,Failure,Foreboding,Fear,Extra,Hee,Imprison,Fortunate,Helpless,Elements,Fight,Good,Ferocious,Emotion,Food,Harsh,Goals,Goals
38,Freely,Health,Freely,Full,Frightening,Gentle,Follow,Frightening,Exotic,Fortunate,Energetic,Fierce,Hair,Exile,Frantic,Curious,Gambler,Heal,Fair,Expert,Friends,Illness,Disagreeable,Entangle,Healthy,Good,Fear,Festive,Fears,Delay,Fresh,Enormous,Fame,Fortunate,Fire,Eyes,Ia,Increase,Fragile,Hidden,Emission,Food,Grassy,Footsteps,Enemies,Full,Hazy,Good,Good
39,Frighteningly,Hindrance,Frighteningly,Glorious,Glorious,Glowing,Food,Helpful,Fall,Fragrant,Enthusiastic,Fight,Hairy,Experience,Frightening,Dangerous,Gatherer,Help,Fastidious,Fight,Good,Important,Distrustful,Environment,Horns,Guide,Feeble,Food,Foreboding,Deprive,Harsh,Evil,Fear,Fragrant,Flight,Fear,Ick,Information,Fragrant,Idea,Emotion,Fresh,Gratifying,Frantic,Energy,Hall,Healthy,Guide,Guidance
40,Fully,Home,Fully,Graceful,Goals,Graceful,Frantic,Helpless,Flora,Frantic,Expectation,Foolish,Headwear,Failure,Generous,Different,Guardian,Hide,Follower,Free,Healthy,Impressive,Dominant,Extra,Humanoid,Harm,Fight,Frightening,Full,Disrupt,Healthy,Feminine,Fight,Frantic,Food,Fight,In,Intrigue,Frightening,Immediate,Enemies,Friendship,Heady,Frightening,Enhance,Health,Helpful,Harm,Harm
41,Generously,Hope,Generously,Hard,Hard,Harsh,Friendship,Illness,Frightening,Friend,Fearful,Frantic,Heavy,Faith,Gentle,Difficult,Healer,Home,Foolish,Guide,Illness,Industry,Dull,Fear,Inscribed,Help,Friends,Full,Furnishings,Divide,Helpful,Fallen,Find,Frightening,Gem,Fly,Iss,Investment,Garbage,Impending,Energy,Fuel,Heavy,Grinding,Environment,Helpful,Hostile,Helpful,Helpful
42,Gently,Idea,Gently,Harsh,Harsh,Helpful,Frightening,Lacking,Full,Frightened,Ferocious,Frightening,Hurt,Fame,Glad,Dirty,Helpless,Hope,Friendly,Harm,Impaired,Interesting,Efficient,Fight,Insect-like,Helpful,Frightening,Home,Gate,Door,Important,Fear,Free,Full,Good,Free,Je,Land,Guidance,Important,Enhance,Good,Herbal,Growl,Expose,Important,Hot,Helpless,Helpless
43,Gladly,Illness,Gladly,Healthy,Heavy,Humanoid,Generous,Large,Fungus,Frightening,Fierce,Generous,Innocent,Family,Grateful,Disagreeable,Hero,Idea,Good,Heal,Increase,Intrigues,Expanding,Fire,Insubstantial,Hidden,Goals,Investment,Good,Drop,Information,Fertility,Friendship,Harmful,Group,Harm,Ke,Large,Hard,Incapacitate,Environment,Health,Horrible,Hammering,Fire,Information,Intense,Historical,Hint
44,Gracefully,Illusion,Gracefully,Heavy,Historical,Hungry,Gentle,Lavish,Good,Generous,Fight,Gentle,Insignia,Fortunate,Haggle,Disciplined,Hunter,Illness,Gourmet,Health,Information,Isolated,Failed,Flight,Intelligent,Hope,Good,Inviting,Harm,Duplicate,Intense,Festive,Frightening,Helpful,Harm,Heal,Jen,Leadership,Harmful,Information,Explosion,Helpful,Humid,Helpful,Fix,Inquire,Interesting,Horrible,Hope
45,Gratefully,Individual,Gratefully,Historical,Hopeful,Immortal,Graceful,Lazy,Hard,Glad,Flee,Harm,Intense,Free,Happy,Educated,Information,Important,Greed,Increase,Inspect,Lacking,Famous,Harm,Intimidating,Horrible,Gratify,Lacking,Heavy,Elaborate,Interesting,Fire,Good,Horrible,Heal,Health,Kha,Legal,Healing,Injustice,Extra,Hope,Industrial,Imitate,Food,Interesting,Large,Hungry,Horrible
46,Happily,Information,Happily,Horrible,Horrible,Insectlike,Harm,Leadership,Harm,Happy,Frantic,Harsh,Interesting,Freedom,Harsh,Elegant,Innocent,Imprison,Haunted,Inform,Intellect,Lake,Fearful,Heal,Large,Important,Guide,Large,Helpful,Enemies,Lacking,Frightening,Guide,Important,Health,Heat,Kr,Leverage,Heavy,Leader,Fire,Important,Interesting,Important,Free,Lacking,Lethal,Imitate,Hurry
47,Hastily,Innocent,Hastily,Important,Horror,Insubstantial,Hasty,Lethal,Harsh,Harmful,Free,Hasty,Intimidating,Friend,Hasty,Erratic,Inspector,Increase,Helpful,Information,Intense,Large,Festive,Illness,Levitating,Information,Happiness,Lavish,Hole,Energy,Lake,Generous,Harm,Impressive,Helpful,Helpful,Lah,Liberty,Helpful,Legal,Flight,Information,Intoxicating,Indistinct,Group,Large,Life,Information,Ideas
48,Healthily,Intellect,Healthily,Interesting,Important,Intelligent,Helpful,Loud,Hole,Helpful,Frightening,Helpful,Jewelry,Gifts,Helpful,Exotic,Intellectual,Information,Honest,Inquire,Interesting,Lavish,Free,Illusion,Limited,Innocent,Harm,Less,Important,Fall,Large,Gentle,Heal,Inactive,Illness,Horrible,Lee,Love,Horrible,Lethal,Free,Joy,Irritating,Industry,Guide,Lavish,Lovely,Insubstantial,Implore
49,Helpfully,Interior,Helpfully,Juvenile,Inquire,Intimidating,Helpless,Loyal,Huge,Helpless,Harm,Imitate,Large,Good,Helpless,Fancy,Investigator,Innocent,Honor,Inspect,Lacking,Leadership,Generous,Imitate,Liquid,Instruction,Health,Light,Information,Fear,Lean,Gifts,Help,Intense,Illusion,Imitate,Len,Loyal,Important,Lie,Friend,Large,Lacking,Information,Hamper,Lethal,Magnificent,Intelligent,Important
50,Helplessly,Investment,Helplessly,Lacking,Inspect,Large,Hungry,Mighty,Icy,Hurt,Harsh,Important,Lavish,Guided,Hopeless,Fast,Judge,Intellect,Humble,Intellect,Large,Liberty,Greedy,Immune,Loud,Intrigues,Helpless,Loud,Interesting,Fight,Ledge,Glorious,Helpless,Intriguing,Imbue,Immunity,Lin,Magnificent,Inactive,Limit,Harm,Lavish,Laden,Innocent,Harm,Loud,Masses,Large,Incomplete
51,Hopelessly,Leadership,Hopelessly,Large,Intellect,Lethal,Hunt,Mysterious,Interesting,Important,Hasty,Imprison,Lean,Hard,Ideas,Foul,Killer,Intolerance,Humorous,Invade,Leadership,Loud,Happy,Imprison,Mammalian,Language,Home,Magnificent,Large,Fire,Lethal,Good,Hero,Lively,Imitate,Imprison,Location,Malice,Information,Location,Heal,Lean,Malodorous,Intense,Heal,Magnificent,Mechanical,Leadership,Information
52,Innocently,Legal,Innocently,Lavish,Intense,Levitating,Ignore,Normal,Large,Inactive,Hide,Increase,Limbs,Harm,Inform,Frightened,Laborer,Investment,Inconsistent,Investigative,Legal,Magnificent,Healthy,Increase,Mandibles,Leadership,Illness,Mechanical,Lavish,Floor,Loud,Guide,Hidden,Lonely,Increase,Increase,Ly,Mighty,Intriguing,Lucky,Heat,Less,Meaningful,Interesting,Helpful,Maintenance,Message,Lethal,Instruction
53,Intensely,Location,Intensely,Lean,Interesting,Liquid,Imitate,Path,Ledge,Influential,Imitate,Inspect,Lithe,Harsh,Innocent,Gentle,Lackey,Jealousy,Independent,Knowledge,Less,Masses,Helpful,Intelligent,Masculine,Legal,Illusions,Messy,Lethal,Frightening,Magnificent,Harm,Historical,Long,Information,Information,Mah,Military,Large,Mental,Help,Lethal,Medicinal,Irritating,Ice,Meaningful,Mighty,Light,Liberty
54,Interestingly,Military,Interestingly,Less,Intrigue,Mammalian,Implore,Persecute,Lethal,Innocent,Imprison,Intense,Masculine,Heal,Inquire,Harmful,Law,Joy,Interesting,Leadership,Lethal,Meaningful,Helpless,Itself,Mechanical,Legend,Imprison,Modern,Light,Harm,Majestic,Harsh,Illness,Loud,Inhibit,Inspect,Military,Misfortune,Lethal,Missing,Hide,Mechanical,Metallic,Loud,Illusion,Mechanical,Misfortune,Limited,Lies
55,Irritatingly,Misfortune,Irritatingly,Lethal,Lavish,Many-eyed,Imprison,Power,Light,Intense,Kill,Juvenile,Mature,Helped,Intense,Helpful,Leader,Justice,Intolerant,Legal,Limited,Mechanical,Historical,Lethal,Metallic,Liberty,Incapacity,Mundane,Magnificent,Heat,Masses,Heal,Important,Meaningful,Instant,Large,Misdeed,Move,Light,Mundane,Illusion,Medicinal,Mildew,Machinery,Imbue,Message,Mountainous,Lonely,Love
56,Joyfully,Mundane,Joyfully,Lively,Legal,Militaristic,Inspect,Problems,Loud,Knowledgeable,Lead,Kind,Messy,Heroic,Interesting,Heroic,Legal,Leader,Irresponsible,Lethal,Loyal,Messy,Important,Light,Movement,Lies,Information,Mysterious,Malice,Heavy,Mature,Humanoid,Imprison,Messy,Jewelry,Learn,N,Mysterious,Liquid,Mystery,Imbue,Messy,Moist,Meaningful,Immunity,Messy,Multiple,Love,Malice
57,Kindly,Nature,Kindly,Lonely,Lethal,Mysterious,Intense,Punish,Magnificent,Large,Lethal,Lazy,Mighty,Humble,Intolerance,Humorous,Lost,Legal,Knowledgeable,Lie,Mental,Mighty,Industrial,Limited,Multiple,Lost,Intellect,Natural,Meaningful,Helpless,Message,Illness,Increase,Mobile,Lethal,Lethal,Nah,Neglect,Loud,Necessary,Immunity,Misfortune,Mossy,Metallic,Imprison,Mighty,Mundane,Macabre,Masses
58,Lazily,Needs,Lazily,Lovely,Light,Nightmarish,Irritating,Pursue,Message,Lonely,Liberty,Leadership,Modern,Humiliation,Irritating,Hurt,Mechanical,Loss,Larcenous,Master,Military,Military,Influential,Mind,Mutant,Love,Ironic,Neat,Mechanical,Horrible,Mighty,Imprison,Inform,Modern,Life,Limb,Nature,Old,Majestic,News,Increase,Mundane,Musky,Muffled,Information,Military,Mysterious,Malice,Mechanical
59,Lightly,News,Lightly,Magnificent,Macabre,Odd,Juvenile,Quiet,Messy,Loud,Lie,Lethal,Mundane,Imprisonment,Joyful,Ignorant,Mediator,Love,Leader,Mechanical,Misfortune,Miserable,Intolerant,Move,Natural,Malice,Jealously,Neglected,Messages,Illusion,Mundane,Increase,Innocent,Mundane,Light,Limit,Nee,Oppose,Meaningful,Object,Information,Mysterious,Musty,Multiple,Inspect,Modern,Natural,Message,Message
60,Loosely,Normal,Loosely,Mature,Magnificent,Oppressive,Lazy,Ready,Minerals,Loyal,Loud,Loud,Muscular,Independent,Judgmental,Impulsive,Merchant,Loyalty,Likable,Medical,Missing,Misfortune,Large,Multiple,Nature,Messy,Joy,Nondescript,Messy,Imprison,Mysterious,Jealous,Intrigue,Mysterious,Limited,Mental,Nn,Oppress,Mechanical,Oppose,Life,Nature,Mysterious,Music,Life,Multiple,Nature,Messy,Messy
61,Loudly,Object,Loudly,Messy,Majestic,Passive,Leave,Reassuring,Misfortune,Masculine,Loyal,Loyal,Mysterious,Inherit,Juvenile,Inept,Messenger,Malice,Loyal,Mental,Move,Modern,Lawful,Natural,Nightmarish,Misfortune,Legal,Normal,Mighty,Lethal,Natural,Justice,Jealousy,Natural,Liquid,Messy,Number,Overthrow,Modern,Outcast,Light,New,Natural,Mysterious,Light,Mundane,Nondescript,Mighty,Military
62,Lovingly,Obscurity,Lovingly,Mighty,Mature,Peaceful,Lethal,Recruit,Mist,Mighty,Magic,Mature,Natural,Injury,Kind,Informative,Military,Misfortune,Manipulative,Military,Multi,Mountain,Lawless,Normal,Object,Mistrust,Lethal,Occupied,Military,Loud,Nature,Knowledge,Judge,New,Mental,Move,Occupation,Passion,Moving,Overcome,Limb,Normal,Nature,Natural,Limitation,Mysterious,Ocean,Mindless,Misfortune
63,Loyally,Official,Loyally,Military,Meaningful,Perfect,Loud,Release,Mysterious,Miserable,Mechanical,Meaningful,Neat,Injustice,Leadership,Intelligent,Mundane,Mistrust,Mercurial,Motion,Nature,Mundane,Magnificent,Open,Odorous,Move,Liberty,Odd,Misfortune,Lure,Nondescript,Liberty,Leadership,Occupied,Monster,Nature,Oh,Peace,Multiple,Past,Location,Odd,Nauseating,Near,Liquid,Natural,Odd,Miserable,Mundane
64,Majestically,Opposition,Majestically,Modern,Mechanical,Plant,Loyal,Riches,Natural,Multiple,Mighty,Messy,Normal,Legal,Lie,Interesting,Mystery,Mundane,Naive,Move,Object,Mysterious,Mighty,Others,Passive,Mundane,Limit,Open,Modern,Magic,Normal,Life,Legal,Odd,Multi,Pain,On,Persecute,Mundane,Peace,Magic,Official,Normal,Noisy,Loud,Normal,Peaceful,Misfortune,Mysterious
65,Meaningfully,Outside,Meaningfully,Mundane,Messy,Powered,Messy,Rough,Nature,Mundane,Military,Move,Odd,Loss,Loud,Intimidating,Official,Mysterious,Nervous,Mundane,Odd,Nature,Militaristic,Paralyze,Plant,Mysterious,Lonely,Oppressive,Mundane,Mechanical,Odd,Light,Lethal,Official,Nature,Partial,Or,Plans,Mysterious,Personal,Major,Old,Odd,Normal,Manipulation,Odd,People,Monstrous,Natural
66,Mechanically,Pain,Mechanically,Mysterious,Military,Powerful,Mistrust,Ruin,Normal,Mysterious,Mock,Mundane,Official,Military,Loving,Intrusive,Organizer,Nature,Oblivious,Mysterious,Old,Odd,Miserable,Physical,Reptilian,Neglect,Love,Opulent,Mysterious,Mental,Old,Love,Liberty,Old,Object,Power,Orn,Politics,Natural,Persuade,Manipulate,Open,Odorless,Odd,Mind,Portal,Plants,Mundane,Obscure
67,Mildly,Path,Mildly,Natural,Misfortune,Powers,Move,Ruthless,Occupied,Natural,Move,Mysterious,Old,Mistake,Loyal,Large,Outsider,Object,Obstinate,Nature,Partial,Old,Modern,Pierce,Robotic,Normal,Luck,Organized,Natural,Messy,Path,Magic,Loss,Open,Orb,Projectile,Oth,Possessions,New,Physical,Matter,Opposition,Offensive,Productivity,Nature,Possessions,Populated,Odd,Odd
68,Miserably,Peace,Miserably,Normal,Mistrust,Primitive,Mundane,Simple,Odd,Odd,Mysterious,Nice,Petite,Mundane,Macabre,Loud,Performer,Obligation,Optimistic,Normal,Passion,Oppress,Mundane,Poison,Rooted,Obscured,Malice,Plants,Neglect,Monster,Peaceful,Majestic,Love,Peaceful,Others,Protection,Ow,Powerful,Odd,Plan,Mental,Pain,Overpowering,Pursuit,Object,Power,Powerful,Old,Oppose
69,Mockingly,People,Mockingly,Odd,Modern,Prosperous,Mysterious,Skilled,Open,Official,Normal,Normal,Piercing,Nature,Mature,Meek,Persecutor,Official,Perceptive,Obstacles,Perception,Opulence,Mysterious,Power,Rough,Official,Meaningful,Poor,Normal,Natural,Plants,Major,Loyalty,Personal,Physical,Ranged,Ph,Public,Official,Power,Minor,Peace,Perfumed,Quiet,Others,Powerful,Primitive,Pain,Path
70,Mysteriously,Personal,Mysteriously,Old,Mundane,Psychic,Natural,Slow,Path,Old,Odd,Odd,Powerful,Outsider,Meaningful,Naive,Planner,Oppose,Perfectionist,Official,Physical,Peace,Old,Protection,Shape,Old,Miserable,Portal,Object,Object,Pond,Malice,Masses,Plain,Plants,Recharge,Pr,Refuse,Old,Prepare,Natural,Pleasures,Pleasurable,Reassuring,Pain,Prison,Rain,Pale,Peace
71,Naturally,Physical,Naturally,Pale,Mystery,Reptilian,Neglect,Small,Plants,Passive,Open,Official,Professional,Person,Miserable,Old,Pleaser,Pain,Practical,Open,Poor,Poor,Open,Proximity,Shifting,Oppose,Misfortune,Possessions,Occupied,Odd,Possessions,Masculine,Mighty,Portal,Poison,Release,R,Release,Ornamental,Problem,Nature,Portal,Powerful,Remarkable,Physical,Protection,Rare,Passive,People
72,Neatly,Plot,Neatly,Peaceful,Natural,Robotic,Normal,Stalemate,Pool,Peaceful,Oppose,Open,Reassuring,Place,Mistrust,Passive,Power,Passion,Prepared,Oppose,Possessions,Powerful,Oppressive,Pursue,Silent,Partial,Mistrust,Private,Odd,Old,Powerful,Mighty,Military,Protected,Potion,Replace,Rah,Remarkable,Ornate,Promise,Object,Possessions,Pungent,Rip,Plant,Quiet,Remarkable,Possessions,Place
73,Nicely,Portal,Nicely,Petite,Normal,Scary,Observe,Start,Quiet,Playful,Pain,Oppose,Regal,Poor,Mocking,Polite,Prisoner,Path,Principled,Perception,Power,Protected,Peaceful,Ranged,Simple,Passion,Mock,Protection,Open,Pain,Pursue,Military,Misfortune,Protection,Power,Requirement,Ren,Return,Personal,Protect,Others,Protection,Punishing,Roar,Poison,Rare,Resourceful,Possessive,Plans
74,Oddly,Possessions,Oddly,Plain,Odd,Scientific,Odd,Stop,Reassuring,Powerful,Path,Passion,Remarkable,Power,Mundane,Poor,Professional,Peace,Protect,Practical,Principles,Public,Polite,Rechargeable,Slender,Plans,Move,Quaint,Passage,Plants,Quiet,Minor,Monster,Purposeful,Ranged,Resistance,Sah,Riches,Powerful,Public,Physical,Reassuring,Putrid,Rumbling,Portal,Reassuring,Riches,Powerful,Plot
75,Offensively,Poverty,Offensively,Poor,Personal,Secretive,Oppose,Strange,Remarkable,Professional,Prepare,Peace,Rough,Prestige,Mysterious,Powerful,Protector,Physical,Quiet,Professional,Public,Quiet,Poor,Resistance,Small,Possessions,Mundane,Reassuring,Path,Portal,Rare,Monstrous,Move,Quiet,Resistance,Restore,Se,Royalty,Prized,Pursue,Plants,Repairable,Rancid,Rustling,Powerful,Remarkable,River,Powers,Positive
76,Officially,Power,Officially,Powerful,Physical,Servitor,Playful,Strong,Riches,Protected,Punish,Playful,Rustic,Privilege,News,Powerless,Public,Place,Quirky,Ranged,Rare,Rare,Powerful,Self-Sufficien,Solitary,Power,Mysterious,Roomy,Portal,Possessions,Reassuring,Mundane,Mundane,Reassuring,Restore,Reveal,Sh,Ruthless,Protection,Rare,Poison,Rotten,Reassuring,Scary,Protect,Resources,Rocky,Purposeful,Possessions
77,Partially,Prison,Partially,Protective,Power,Simple,Protect,Struggle,River,Protecting,Pursue,Pleasures,Scar,Pursued,Nice,Primitive,Punish,Plan,Rash,Release,Remarkable,Reassuring,Primitive,Senses,Spider-like,Propose,Nature,Rough,Possessions,Prison,Remarkable,Mysterious,Mysterious,Remote,Ring,Scary,Sha,Secret,Rare,Remote,Power,Rough,Reek,Scraping,Radius,Room,Rough,Pursue,Power
78,Passively,Project,Passively,Quaint,Pursuit,Skilled,Pursue,Success,Rock,Questioning,Rough,Possessions,Scary,Recruited,Normal,Principled,Radical,Pleasure,Rational,Rogue,Resistant,Remarkable,Punitive,Skill,Spiked,Punish,Neglect,Ruined,Quiet,Projectile,River,Nature,Natural,Resourceful,Rope,Senses,T,Security,Ready,Repair,Protect,Ruined,Rich,Scratching,Ranged,Rough,Ruined,Quiet,Preventable
79,Peacefully,Protection,Peacefully,Rare,Quaint,Slender,Quiet,Suffering,Rough,Quiet,Rude,Punish,Scented,Religion,Odd,Quiet,Religious,Power,Respectful,Ruin,Resource,River,Quaint,Sleep,Steaming,Pursue,Old,Rustic,Rare,Riddle,Rocks,Night,Old,Ruined,Rune,Simple,Ta,Servant,Reassuring,Repeat,Radius,Scary,Ripe,Simple,Resistance,Ruined,Ruins,Resistant,Reassuring
80,Perfectly,Reassurance,Perfectly,Reassuring,Random,Slow,Reassuring,Supplies,Scary,Reassuring,Ruin,Pursue,Scholarly,Rural,Offensive,Respectful,Represent,Pride,Responsible,Simple,Rich,Rough,Religious,Speed,Sticky,Rare,Oppress,Scary,Reassuring,Scary,Rough,Oppress,Oppose,Rustic,Safety,Skill,Tal,Spy,Resource,Require,Ranged,Shelter,Rot,Sizzle,Restore,Scary,Sandy,Rotting,Riches
81,Playfully,Representative,Playfully,Remarkable,Rare,Small,Release,Swift,Simple,Resourceful,Ruthless,Release,Short,Saved,Official,Rough,Rogue,Protect,Restless,Social,Sense,Ruined,Ruined,Spy,Stinger,Reassuring,Pain,Secure,Remarkable,Simple,Ruined,Pleasures,Oppress,Safe,Scroll,Stop,Tar,Strange,Ruined,Rescue,Reflect,Simple,Rotten,Slam,Self,Security,Scary,Scary,Riddle
82,Politely,Riches,Politely,Rotten,Reassuring,Smelly,Return,Tactics,Slippery,Seeking,Simple,Return,Simple,Search,Oppose,Rude,Ruffian,Pursue,Risk,Specialist,Skill,Rustic,Rustic,Stealth,Strange,Recipient,Passion,Security,Riches,Sounds,Scary,Power,Peace,Services,Self,Strange,Th,Strong,Small,Resource,Repel,Small,Savory,Slow,Senses,Simple,Simple,Seeking,Ruin
83,Positively,Safety,Positively,Rough,Remarkable,Strange,Scary,Take,Slope,Skilled,Slow,Simple,Sinister,Seclusion,Peace,Simple,Ruler,Rare,Rude,Start,Small,Simple,Ruthless,Stop,Strong,Reveal,Peace,Simple,Room,Stab,Simple,Protector,Plot,Simple,Senses,Strength,Thah,Struggle,Soft,Response,Resistance,Smelly,Smelly,Soft,Shield,Small,Small,Shambling,Scary
84,Powerfully,Strength,Powerfully,Ruined,Rough,Strong,Simple,Technology,Small,Slow,Spy,Slow,Small,Service,Plans,Skilled,Scholar,Recover,Savvy,Stop,Social,Small,Scary,Strange,Supernatural,Riches,Permanent,Sleep,Rough,Stop,Slope,Punish,Possessions,Small,Skill,Strong,Thoh,Succession,Solitary,Reveal,Reveal,Strange,Smokey,Start,Soul,Sounds,Strange,Slow,Simple
85,Quaintly,Success,Quaintly,Rustic,Rustic,Suffering,Slow,Tension,Smelly,Small,Stop,Start,Smelly,Sheltered,Playful,Slow,Scientist,Reveal,Searching,Strange,Specialized,Sparse,Simple,Stun,Tail,Riddle,Possessions,Small,Ruined,Strange,Small,Ruler,Power,Spacious,Special,Struggle,Ti,Suffering,Stolen,Revenge,Self,Struggle,Sour,Stop,Strange,Start,Strong,Small,Strange
86,Quarrelsomely,Suffering,Quarrelsomely,Scary,Scary,Tail,Strange,Testing,Smooth,Stealthy,Strange,Stop,Stocky,Skill,Polite,Small,Scout,Revenge,Selfish,Strength,Spirit,Structures,Small,Substance,Tentacled,Rumor,Punish,Smelly,Rustic,Strangle,Sounds,Sacrifice,Punish,Storage,Speed,Suffer,Time,Suppress,Strange,Reversal,Sense,Success,Stagnant,Strange,Strength,Stop,Technology,Smelly,Struggle
87,Quietly,Surprise,Quietly,Shocking,Simple,Tall,Struggle,Threatening,Sounds,Strange,Struggle,Strange,Strange,Strange,Positive,Sneaky,Servant,Riches,Selfless,Struggle,Strange,Struggle,Strange,Summon,Tongue,Secret,Pursue,Sparse,Scary,Suppress,Strange,Strange,Pursue,Strange,Spell,Suppress,Tor,Tactics,Stylish,Reward,Skill,Supply,Stale,Tapping,Stun,Storage,Threatening,Strange,Success
88,Roughly,Tactic,Roughly,Simple,Slow,Technological,Swift,Tired,Stalactites,Strong,Suppress,Struggle,Striking,Successful,Praise,Sophisticated,Socialite,Safety,Shallow,Suppress,Strong,Success,Strong,Suppress,Toothy,Start,Riches,Storage,Simple,Take,Strong,Strong,Release,Stylish,Staff,Surroundings,Uh,Tension,Threatening,Skill,Spirit,Technology,Stench,Technology,Summon,Strange,Toxic,Strong,Suffering
89,Rudely,Technology,Rudely,Small,Social,Tentacled,Tactics,Travel,Strange,Tall,Swift,Swift,Strong,Survival,Quarrelsome,Strange,Soldier,Search,Social,Take,Suffering,Suffering,Struggling,Swim,Transparent,Stop,Ruin,Strange,Small,Toxin,Threatening,Suppress,Return,Suspicious,Strange,Survive,Va,Travel,Tool,Social,Stealth,Tool,Stinging,Threatening,Time,Supplies,Tranquil,Threatening,Suppress
90,Ruthlessly,Tension,Ruthlessly,Smooth,Strange,Threatening,Take,Triumph,Threatening,Thieving,Take,Tactics,Stylish,Tradition,Quiet,Strong,Student,Serve,Strange,Technology,Technical,Technology,Successful,Take,Tree-like,Strange,Senses,Temporary,Smelly,Transform,Tranquil,Threatening,Riches,Tall,Summon,Swim,Vah,Trust,Travel,Solution,Strange,Travel,Strange,Thud,Transform,Survival,Trees,Tough,Tension
91,Slowly,Time,Slowly,Soft,Strong,Toothy,Threatening,Truce,Tight,Threatening,Technology,Take,Tall,Training,Reassuring,Supportive,Subverter,Start,Strong,Transform,Technology,Tension,Suffering,Telepathy,Twisted,Struggle,Separate,Thoughtful,Sound,Transport,Tree,Transform,Ruin,Threatening,Sword,Toxic,Ve,Usurp,Unexpected,Strange,Summon,Triumph,Strong,Traffic,Trap,System,Unusual,Transform,Threat
92,Softly,Trial,Softly,Strong,Struggle,Travelers,Tranquil,Trust,Tranquil,Triumphant,Threaten,Technology,Tattoo,Trauma,Refuse,Surprising,Supporter,Stop,Studious,Travel,Tough,Travel,Suppressed,Touch,Undead,Success,Start,Tidy,Stairs,Treasure,Unusual,Underworld,Savior,Tranquil,Tool,Transform,Vice,Valuable,Unpleasant,Success,Switch,Trouble,Stuffy,Tranquil,Travel,Tactics,Valuable,Travel,Time
93,Strangely,Value,Strangely,Stylish,Tension,Treacherous,Transform,Unequipped,Treasure,Unexpected,Trick,Threatening,Tools,Travel,Rude,Sweet,Survivor,Strange,Superstitious,Trick,Travel,Troubled,Suspicious,Transform,Unnatural,Tension,Stop,Tools,Stonework,Trials,Valuable,Violent,Stop,Unexpected,Transform,Travel,Virtue,Vengeance,Unusual,Tension,Take,Useless,Sulphuric,Uncertain,Trigger,Technology,Violent,Trick,Travel
94,Swiftly,Vehicle,Swiftly,Unpleasant,Travel,Violent,Trick,Unexpected,Unnatural,Unnatural,Truce,Trust,Trendy,Urban,Rumor,Trained,Teacher,Struggle,Tolerant,Usurp,Trouble,Valuable,Treacherous,Travel,Verbal,Threaten,Strange,Tranquil,Technology,Trigger,Violent,War,Strange,Unpleasant,Trap,Usurp,Wah,Victory,Useful,Trap,Technology,Valuable,Sweet,Warning,Uncertain,Travel,Warm,Vengeful,Trouble
95,Threateningly,Victory,Threateningly,Valuable,Trials,Warlike,Trust,Untrained,Unstable,Unusual,Usurp,Violent,Unusual,War,Simple,Uniformed,Thief,Success,Vindictive,Vehicle,Trustworthy,Warm,Warlike,Trick,Warm,Truce,Struggle,Upgrade,Trap,Unleash,Warm,Warm,Struggle,Unusual,Travel,Violence,Wr,Violence,Useless,Travel,Time,Vehicle,Warm,Water,Undead,Unusual,Water,Violent,Trust
96,Timidly,Vulnerability,Timidly,Vibrant,Vengeance,Wary,Violent,Victory,Untouched,Violent,Vehicle,Waste,Very,Wealth,Threatening,Unusual,Trader,Suffering,Vocal,Violence,Unusual,Water,Weak,Uncommon,Weak,Trust,Success,Utilitarian,Treasure,Wall,Watery,Water,Theft,Useful,Useful,Vulnerability,X,War,Valuable,Unknown,Transform,Victory,Waste,Weather,Wall,Valuable,Weak,Weak,Uncertain
97,Very,Weapon,Very,Warm,Very,Watery,Warn,Violate,Warm,Vocal,Vengeance,Weapons,Weak,Wild,Truce,Weak,Victim,Support,Wary,Water,Very,Weak,Wealthy,Vision,Weapon,Unknown,Temporary,Valuables,Unnatural,Warning,Weak,Weak,Trust,Warm,Utility,Warm,Y,Weak,Warm,Unlikely,Trap,Violence,Watery,Whirring,Water,Vehicle,Weather,Weakness,Unsettling
98,Violently,Weather,Violently,Watery,Violent,Weak,Waste,Waste,Waste,Weak,Waste,Wild,Weapon,Work,Trust,Wealthy,Villain,Take,Weak,Weapon,Weak,Weather,Welcoming,Vulnerable,Wings,Vengeance,Vengeance,View,Valuable,Water,Weather,Weapon,Usurp,Warning,Wand,Weak,Yah,Wealth,Weapon,Unusual,Travel,Warm,Weak,Whistle,Weak,Warm,Wild,Weapons,Violence
99,Wildly,Work,Wildly,Weak,Warlike,Wings,Wild,Weak,Water,Wild,Weapon,Work,Wounded,Wounded,Warm,Wild,Wanderer,Transform,Wild,Weather,Weapon,Wild,Wild,Weak,Wooden,Violence,Violence,Warm,Warm,Weapon,Wild,Weather,Vengeance,Watery,Water,Weapon,Yuh,Weapon,Wet,Urgent,Weapon,Waste,Weather,Wild,Weapon,Weapon,Windy,Wounds,Warning
100,Yieldingly,Wound,Yieldingly,Young,Wild,Wormish,Yield,Weapons,Windy,Young,Withdraw,Yield,Young,Youth,Wild,Young,Warrior,Travel,Wise,Wounds,Young,Work,Young,Weapon,Wormish,Warning,Weapon,Water,Watery,Wound,Young,Worshiped,Villain,Welcoming,Weapon,Wound,Z,Young,Worn,Useful,Weather,Weapon,Woody,Wind,Weather,Work,Wonders,Young,Weapon